{
  "n_seeds": 2,
  "n_generations": 40,
  "mean_sci": 0.059917355371900786,
  "std_sci": 0.030991735537190084,
  "mean_coverage": 0.9,
  "std_coverage": 0.09999999999999998,
  "mean_equilibrium_error": 0.6860632531189981,
  "mean_tool_accuracy": 0.5454545454545454,
  "mean_tokens": 11079.5,
  "std_tokens": 198.5,
  "unique_patterns": 2,
  "is_emergent": true,
  "results": [
    {
      "seed": 0,
      "n_agents": 12,
      "n_generations": 40,
      "elapsed_seconds": 876.3578038215637,
      "final_sci": 0.09090909090909087,
      "final_coverage": 0.8,
      "equilibrium_error": 0.9699876576692846,
      "tool_accuracy": 0.45454545454545453,
      "total_tokens": 10881,
      "total_requests": 480,
      "tokens_per_generation": 272.025,
      "sci_history": [
        1.0,
        0.37499999999999994,
        0.37499999999999994,
        0.37499999999999994,
        0.16666666666666663,
        0.21874999999999997,
        0.30000000000000004,
        0.2361111111111111,
        0.28571428571428564,
        0.28571428571428564,
        0.28571428571428564,
        0.33593749999999994,
        0.29012345679012347,
        0.2592592592592592,
        0.2592592592592592,
        0.2592592592592592,
        0.19753086419753083,
        0.19753086419753083,
        0.25925925925925924,
        0.25925925925925924,
        0.29012345679012347,
        0.29012345679012347,
        0.19999999999999996,
        0.19999999999999996,
        0.19999999999999996,
        0.19999999999999996,
        0.19999999999999996,
        0.19999999999999996,
        0.12500000000000003,
        0.12500000000000003,
        0.12500000000000003,
        0.09090909090909087,
        0.09090909090909087,
        0.09090909090909087,
        0.09090909090909087,
        0.09090909090909087,
        0.09090909090909087,
        0.09090909090909087,
        0.09090909090909087,
        0.09090909090909087
      ],
      "coverage_history": [
        0.2,
        0.4,
        0.4,
        0.4,
        0.6,
        0.6,
        0.6,
        0.6,
        0.6,
        0.6,
        0.6,
        0.6,
        0.6,
        0.6,
        0.6,
        0.6,
        0.6,
        0.6,
        0.6,
        0.6,
        0.6,
        0.6,
        0.8,
        0.8,
        0.8,
        0.8,
        0.8,
        0.8,
        0.8,
        0.8,
        0.8,
        0.8,
        0.8,
        0.8,
        0.8,
        0.8,
        0.8,
        0.8,
        0.8,
        0.8
      ],
      "specialization_pattern": {
        "agent_0": {
          "specialty": "document_qa",
          "preferred_tool": "L3",
          "wins": 3
        },
        "agent_2": {
          "specialty": "code_math",
          "preferred_tool": "L0",
          "wins": 2
        },
        "agent_3": {
          "specialty": "code_math",
          "preferred_tool": "L0",
          "wins": 1
        },
        "agent_4": {
          "specialty": "pure_qa",
          "preferred_tool": "L3",
          "wins": 1
        },
        "agent_5": {
          "specialty": "chart_analysis",
          "preferred_tool": "L3",
          "wins": 2
        },
        "agent_6": {
          "specialty": "code_math",
          "preferred_tool": "L3",
          "wins": 3
        },
        "agent_7": {
          "specialty": "pure_qa",
          "preferred_tool": "L0",
          "wins": 3
        },
        "agent_8": {
          "specialty": "document_qa",
          "preferred_tool": "L3",
          "wins": 3
        },
        "agent_9": {
          "specialty": "chart_analysis",
          "preferred_tool": "L2",
          "wins": 1
        },
        "agent_10": {
          "specialty": "pure_qa",
          "preferred_tool": "L3",
          "wins": 1
        },
        "agent_11": {
          "specialty": "pure_qa",
          "preferred_tool": "L0",
          "wins": 1
        }
      },
      "agent_wins": {
        "agent_0": 5,
        "agent_1": 0,
        "agent_2": 5,
        "agent_3": 2,
        "agent_4": 2,
        "agent_5": 2,
        "agent_6": 6,
        "agent_7": 5,
        "agent_8": 7,
        "agent_9": 1,
        "agent_10": 1,
        "agent_11": 2
      },
      "agent_specialties": {
        "agent_0": "document_qa",
        "agent_1": null,
        "agent_2": "code_math",
        "agent_3": "code_math",
        "agent_4": "pure_qa",
        "agent_5": "chart_analysis",
        "agent_6": "code_math",
        "agent_7": "pure_qa",
        "agent_8": "document_qa",
        "agent_9": "chart_analysis",
        "agent_10": "pure_qa",
        "agent_11": "pure_qa"
      }
    },
    {
      "seed": 1,
      "n_agents": 12,
      "n_generations": 40,
      "elapsed_seconds": 886.8347570896149,
      "final_sci": 0.028925619834710703,
      "final_coverage": 1.0,
      "equilibrium_error": 0.4021388485687115,
      "tool_accuracy": 0.6363636363636364,
      "total_tokens": 11278,
      "total_requests": 480,
      "tokens_per_generation": 281.95,
      "sci_history": [
        1.0,
        1.0,
        1.0,
        0.37499999999999994,
        0.37499999999999994,
        0.16666666666666663,
        0.4444444444444444,
        0.16666666666666663,
        0.062499999999999986,
        0.10000000000000002,
        0.10000000000000002,
        0.027777777777777818,
        0.030612244897959134,
        0.030612244897959134,
        0.030612244897959134,
        0.023437499999999986,
        0.023437499999999986,
        0.062499999999999986,
        0.062499999999999986,
        0.062499999999999986,
        0.062499999999999986,
        0.062499999999999986,
        0.14062499999999997,
        0.10493827160493824,
        0.10493827160493824,
        0.10493827160493824,
        0.10493827160493824,
        0.10493827160493824,
        0.10493827160493824,
        0.10493827160493824,
        0.043209876543209846,
        0.043209876543209846,
        0.043209876543209846,
        0.05000000000000001,
        0.05000000000000001,
        0.05000000000000001,
        0.05000000000000001,
        0.028925619834710703,
        0.028925619834710703,
        0.028925619834710703
      ],
      "coverage_history": [
        0.2,
        0.2,
        0.2,
        0.4,
        0.4,
        0.6,
        0.4,
        0.6,
        0.8,
        0.8,
        0.8,
        1.0,
        1.0,
        1.0,
        1.0,
        1.0,
        1.0,
        1.0,
        1.0,
        1.0,
        1.0,
        1.0,
        0.8,
        0.8,
        0.8,
        0.8,
        0.8,
        0.8,
        0.8,
        0.8,
        1.0,
        1.0,
        1.0,
        1.0,
        1.0,
        1.0,
        1.0,
        1.0,
        1.0,
        1.0
      ],
      "specialization_pattern": {
        "agent_0": {
          "specialty": "document_qa",
          "preferred_tool": "L3",
          "wins": 2
        },
        "agent_1": {
          "specialty": "realtime_data",
          "preferred_tool": "L4",
          "wins": 1
        },
        "agent_2": {
          "specialty": "chart_analysis",
          "preferred_tool": "L2",
          "wins": 3
        },
        "agent_3": {
          "specialty": "chart_analysis",
          "preferred_tool": "L2",
          "wins": 1
        },
        "agent_4": {
          "specialty": "document_qa",
          "preferred_tool": "L3",
          "wins": 1
        },
        "agent_5": {
          "specialty": "code_math",
          "preferred_tool": "L3",
          "wins": 2
        },
        "agent_6": {
          "specialty": "pure_qa",
          "preferred_tool": "L0",
          "wins": 3
        },
        "agent_7": {
          "specialty": "pure_qa",
          "preferred_tool": "L0",
          "wins": 1
        },
        "agent_8": {
          "specialty": "code_math",
          "preferred_tool": "L0",
          "wins": 1
        },
        "agent_9": {
          "specialty": "document_qa",
          "preferred_tool": "L2",
          "wins": 1
        },