{
  "population": {
    "mean_tokens": 11079.5,
    "std_tokens": 198.5,
    "mean_sci": 0.059917355371900786,
    "mean_coverage": 0.9,
    "mean_tool_accuracy": 0.5454545454545454
  },
  "bandit": {
    "mean_tokens": 6525.5,
    "std_tokens": 68.5,
    "mean_accuracy": 0.9520833333333334
  },
  "independent": {
    "mean_tokens": 6046.0,
    "std_tokens": 100.0,
    "mean_accuracy": 0.9208333333333334
  },
  "savings_vs_independent_pct": -83.25339067151836
}