{
  "seed": 2,
  "n_agents": 12,
  "n_generations": 60,
  "elapsed_seconds": 1332.119824886322,
  "final_sci": 0.07024793388429748,
  "final_coverage": 1.0,
  "equilibrium_error": 0.854749394225052,
  "tool_accuracy": 0.36363636363636365,
  "total_tokens": 16261,
  "total_requests": 720,
  "tokens_per_generation": 271.01666666666665,
  "sci_history": [
    1.0,
    0.37499999999999994,
    0.37499999999999994,
    0.16666666666666663,
    0.21874999999999997,
    0.2000000000000001,
    0.16666666666666663,
    0.16666666666666663,
    0.16666666666666663,
    0.183673469387755,
    0.183673469387755,
    0.183673469387755,
    0.183673469387755,
    0.183673469387755,
    0.17968749999999997,
    0.17968749999999997,
    0.17968749999999997,
    0.17968749999999997,
    0.10493827160493824,
    0.10493827160493824,
    0.10493827160493824,
    0.05000000000000001,
    0.05000000000000001,
    0.05000000000000001,
    0.05000000000000001,
    0.07024793388429755,
    0.07024793388429755,
    0.07024793388429755,
    0.07024793388429755,
    0.07024793388429755,
    0.07024793388429755,
    0.07024793388429755,
    0.07024793388429755,
    0.04958677685950413,
    0.04958677685950413,
    0.04958677685950413,
    0.04958677685950413,
    0.04958677685950413,
    0.04958677685950413,
    0.028925619834710703,
    0.028925619834710703,
    0.028925619834710703,
    0.028925619834710703,
    0.028925619834710703,
    0.028925619834710703,
    0.028925619834710703,
    0.07024793388429748,
    0.07024793388429748,
    0.07024793388429748,
    0.13223140495867763,
    0.13223140495867763,
    0.07024793388429748,
    0.07024793388429748,
    0.07024793388429748,
    0.07024793388429748,
    0.07024793388429748,
    0.07024793388429748,
    0.07024793388429748,
    0.07024793388429748,
    0.07024793388429748
  ],
  "coverage_history": [
    0.2,
    0.4,
    0.4,
    0.6,
    0.6,
    0.6,
    0.6,
    0.6,
    0.6,
    0.6,
    0.6,
    0.6,
    0.6,
    0.6,
    0.6,
    0.6,
    0.6,
    0.6,
    0.8,
    0.8,
    0.8,
    1.0,
    1.0,
    1.0,
    1.0,
    1.0,
    1.0,
    1.0,
    1.0,
    1.0,
    1.0,
    1.0,
    1.0,
    1.0,
    1.0,
    1.0,
    1.0,
    1.0,
    1.0,
    1.0,
    1.0,
    1.0,
    1.0,
    1.0,
    1.0,
    1.0,
    1.0,
    1.0,
    1.0,
    0.8,
    0.8,
    1.0,
    1.0,
    1.0,
    1.0,
    1.0,
    1.0,
    1.0,
    1.0,
    1.0
  ],
  "specialization_pattern": {
    "agent_0": {
      "specialty": "pure_qa",
      "preferred_tool": "L0",
      "wins": 1
    },
    "agent_1": {
      "specialty": "realtime_data",
      "preferred_tool": "L2",
      "wins": 1
    },
    "agent_2": {
      "specialty": "code_math",
      "preferred_tool": "L3",
      "wins": 2
    },
    "agent_4": {
      "specialty": "code_math",
      "preferred_tool": "L0",
      "wins": 4
    },
    "agent_5": {
      "specialty": "code_math",
      "preferred_tool": "L0",
      "wins": 1
    },
    "agent_6": {
      "specialty": "realtime_data",
      "preferred_tool": "L3",
      "wins": 2
    },
    "agent_7": {
      "specialty": "code_math",
      "preferred_tool": "L0",
      "wins": 4
    },
    "agent_8": {
      "specialty": "chart_analysis",
      "preferred_tool": "L0",
      "wins": 2
    },
    "agent_9": {
      "specialty": "pure_qa",
      "preferred_tool": "L0",
      "wins": 2
    },
    "agent_10": {
      "specialty": "document_qa",
      "preferred_tool": "L3",
      "wins": 2
    },
    "agent_11": {
      "specialty": "pure_qa",
      "preferred_tool": "L0",
      "wins": 4
    }
  },
  "agent_wins": {
    "agent_0": 1,
    "agent_1": 3,
    "agent_2": 5,
    "agent_3": 0,
    "agent_4": 7,
    "agent_5": 3,
    "agent_6": 6,
    "agent_7": 5,
    "agent_8": 3,
    "agent_9": 3,
    "agent_10": 6,
    "agent_11": 10
  },
  "agent_specialties": {
    "agent_0": "pure_qa",
    "agent_1": "realtime_data",
    "agent_2": "code_math",
    "agent_3": null,
    "agent_4": "code_math",
    "agent_5": "code_math",
    "agent_6": "realtime_data",
    "agent_7": "code_math",
    "agent_8": "chart_analysis",
    "agent_9": "pure_qa",
    "agent_10": "document_qa",
    "agent_11": "pure_qa"
  }
}