{
  "n_seeds": 10,
  "coverage": {
    "mean": 0.8600000000000001,
    "std": 0.13498971154211056,
    "ci_95": [
      0.7634341776158057,
      0.9565658223841945
    ],
    "all_values": [
      1.0,
      1.0,
      0.8,
      0.8,
      0.8,
      0.6,
      0.8,
      1.0,
      0.8,
      1.0
    ]
  },
  "sci": {
    "mean": 0.1138946280991735,
    "std": 0.05090832831800521,
    "all_values": [
      0.04513888888888887,
      0.04513888888888887,
      0.11458333333333327,
      0.1493055555555555,
      0.11458333333333334,
      0.2148760330578512,
      0.11157024793388419,
      0.1493055555555555,
      0.11458333333333327,
      0.07986111111111104
    ]
  },
  "tokens": {
    "mean": 14400.0,
    "std": 0.0
  },
  "vs_no_competition": {
    "cohens_d": 0.37863284572050443,
    "t_statistic": 1.405563856997456,
    "p_value": 0.19342205960333167
  }
}