{
  "Independent": {
    "mean_coverage": 0.9333333333333332,
    "std_coverage": 0.09428090415820632,
    "mean_sci": 0.13792278849097026,
    "std_sci": 0.018691512318663474,
    "mean_tokens": 1200.0,
    "coverage_efficiency": 0.7777777777777777
  },
  "MARL_Shared": {
    "mean_coverage": 0.20000000000000004,
    "std_coverage": 2.7755575615628914e-17,
    "mean_sci": 1.0,
    "std_sci": 0.0,
    "mean_tokens": 1200.0,
    "coverage_efficiency": 0.16666666666666669
  },
  "Tournament": {
    "mean_coverage": 0.8666666666666667,
    "std_coverage": 0.09428090415820632,
    "mean_sci": 0.12615740740740736,
    "std_sci": 0.04330621975432803,
    "mean_tokens": 4800.0,
    "coverage_efficiency": 0.18055555555555558
  },
  "Market": {
    "mean_coverage": 0.8666666666666667,
    "std_coverage": 0.09428090415820632,
    "mean_sci": 0.054166666666666675,
    "std_sci": 0.041247895569215265,
    "mean_tokens": 1200.0,
    "coverage_efficiency": 0.7222222222222223
  },
  "CSE": {
    "mean_coverage": 0.9333333333333332,
    "std_coverage": 0.09428090415820632,
    "mean_sci": 0.08564814814814814,
    "std_sci": 0.04978197492501522,
    "mean_tokens": 14400.0,
    "coverage_efficiency": 0.0648148148148148
  }
}