{"seed": 6, "pass_rate": 0.7321428571428571, "passed": 41, "total": 56, "errors": 0, "model": "gemini-2.5-flash", "timestamp": "2026-01-04T15:21:06.531151"}