{"seed": 4, "pass_rate": 0.6428571428571429, "passed": 36, "total": 56, "errors": 0, "model": "gemini-2.5-flash", "timestamp": "2026-01-04T15:01:05.856256"}