{"seed": 3, "pass_rate": 0.6607142857142857, "passed": 37, "total": 56, "errors": 0, "model": "gemini-2.5-flash", "timestamp": "2026-01-04T14:51:04.738713"}