{"seed": 8, "pass_rate": 0.7142857142857143, "passed": 40, "total": 56, "errors": 0, "model": "gemini-2.5-flash", "timestamp": "2026-01-04T15:41:16.761588"}