{"seed": 5, "pass_rate": 0.6964285714285714, "passed": 39, "total": 56, "errors": 0, "model": "gemini-2.5-flash", "timestamp": "2026-01-04T15:11:11.664784"}