{
  "workers_1": {
    "n_batches": 50,
    "total_sequential_s": 45.10391634097323,
    "total_parallel_s": 45.12749883485958,
    "speedup_factor": 1.0,
    "efficiency": 1.0,
    "max_workers": 1,
    "avg_parallel_time_ms": 902.5499766971916
  },
  "workers_2": {
    "n_batches": 50,
    "total_sequential_s": 47.24235583702102,
    "total_parallel_s": 29.49775578873232,
    "speedup_factor": 1.6,
    "efficiency": 0.8,
    "max_workers": 2,
    "avg_parallel_time_ms": 589.9551157746464
  },
  "workers_4": {
    "n_batches": 50,
    "total_sequential_s": 44.20036708517,
    "total_parallel_s": 19.936852826271206,
    "speedup_factor": 2.22,
    "efficiency": 0.55,
    "max_workers": 4,
    "avg_parallel_time_ms": 398.7370565254241
  },
  "workers_8": {
    "n_batches": 50,
    "total_sequential_s": 45.9429747457616,
    "total_parallel_s": 19.82479858538136,
    "speedup_factor": 2.32,
    "efficiency": 0.29,
    "max_workers": 8,
    "avg_parallel_time_ms": 396.4959717076272
  }
}