{
  "n_seeds": 7,
  "pass_rates": [
    0.722,
    0.65,
    0.8,
    0.7,
    0.75,
    0.583,
    0.583
  ],
  "mean": 0.684,
  "std": 0.08273451516749224,
  "ci_95_lower": 0.6074833354081903,
  "ci_95_upper": 0.7605166645918098,
  "ci_width": 0.15303332918361945
}